naics_code_2022,naics_title_2022,size_standard_basis,size_standard_value,size_standard_display,footnotes
111110,Soybean Farming,receipts_millions_usd,2.25,$2.25M,
111120,Oilseed (except Soybean) Farming,receipts_millions_usd,2.25,$2.25M,
111130,Dry Pea and Bean Farming,receipts_millions_usd,2.75,$2.75M,
111140,Wheat Farming,receipts_millions_usd,2.25,$2.25M,
111150,Corn Farming,receipts_millions_usd,2.5,$2.50M,
111160,Rice Farming,receipts_millions_usd,2.5,$2.50M,
111191,Oilseed and Grain Combination Farming,receipts_millions_usd,2.25,$2.25M,
111199,All Other Grain Farming,receipts_millions_usd,2.25,$2.25M,
111211,Potato Farming,receipts_millions_usd,4.25,$4.25M,
111219,Other Vegetable (except Potato) and Melon Farming,receipts_millions_usd,3.75,$3.75M,
111310,Orange Groves,receipts_millions_usd,4.0,$4.00M,
111320,Citrus (except Orange) Groves,receipts_millions_usd,4.25,$4.25M,
111331,Apple Orchards,receipts_millions_usd,4.5,$4.50M,
111332,Grape Vineyards,receipts_millions_usd,4.0,$4.00M,
111333,Strawberry Farming,receipts_millions_usd,5.5,$5.50M,
111334,Berry (except Strawberry) Farming,receipts_millions_usd,3.75,$3.75M,
111335,Tree Nut Farming,receipts_millions_usd,3.75,$3.75M,
111336,Fruit and Tree Nut Combination Farming,receipts_millions_usd,5.0,$5.00M,
111339,Other Noncitrus Fruit Farming,receipts_millions_usd,3.5,$3.50M,
111411,Mushroom Production,receipts_millions_usd,4.5,$4.50M,
111419,Other Food Crops Grown Under Cover,receipts_millions_usd,4.5,$4.50M,
111421,Nursery and Tree Production,receipts_millions_usd,3.25,$3.25M,
111422,Floriculture Production,receipts_millions_usd,3.75,$3.75M,
111910,Tobacco Farming,receipts_millions_usd,2.5,$2.50M,
111920,Cotton Farming,receipts_millions_usd,3.25,$3.25M,
111930,Sugarcane Farming,receipts_millions_usd,5.0,$5.00M,
111940,Hay Farming,receipts_millions_usd,2.5,$2.50M,
111991,Sugar Beet Farming,receipts_millions_usd,2.5,$2.50M,
111992,Peanut Farming,receipts_millions_usd,2.5,$2.50M,
111998,All Other Miscellaneous Crop Farming,receipts_millions_usd,2.5,$2.50M,
112111,Beef Cattle Ranching and Farming,receipts_millions_usd,2.5,$2.50M,
112112,Cattle Feedlots,receipts_millions_usd,22.0,$22.00M,
112120,Dairy Cattle and Milk Production,receipts_millions_usd,3.75,$3.75M,
112210,Hog and Pig Farming,receipts_millions_usd,4.0,$4.00M,
112310,Chicken Egg Production,receipts_millions_usd,19.0,$19.00M,
112320,Broilers and Other Meat Type Chicken Production,receipts_millions_usd,3.5,$3.50M,
112330,Turkey Production,receipts_millions_usd,3.75,$3.75M,
112340,Poultry Hatcheries,receipts_millions_usd,4.0,$4.00M,
112390,Other Poultry Production,receipts_millions_usd,3.75,$3.75M,
112410,Sheep Farming,receipts_millions_usd,3.5,$3.50M,
112420,Goat Farming,receipts_millions_usd,2.5,$2.50M,
112511,Finfish Farming and Fish Hatcheries,receipts_millions_usd,3.75,$3.75M,
112512,Shellfish Farming,receipts_millions_usd,3.75,$3.75M,
112519,Other Aquaculture,receipts_millions_usd,3.75,$3.75M,
112910,Apiculture,receipts_millions_usd,3.25,$3.25M,
112920,Horses and Other Equine Production,receipts_millions_usd,2.75,$2.75M,
112930,Fur‑Bearing Animal and Rabbit Production,receipts_millions_usd,3.75,$3.75M,
112990,All Other Animal Production,receipts_millions_usd,2.75,$2.75M,
113110,Timber Tract Operations,receipts_millions_usd,19.0,$19.00M,
113210,Forest Nurseries and Gathering of Forest Products,receipts_millions_usd,20.5,$20.50M,
113310,Logging,employees,500.0,500 employees,
114111,Finfish Fishing,receipts_millions_usd,25.0,$25.00M,
114112,Shellfish Fishing,receipts_millions_usd,14.0,$14.00M,
114119,Other Marine Fishing,receipts_millions_usd,11.5,$11.50M,
114210,Hunting and Trapping,receipts_millions_usd,8.5,$8.50M,
115111,Cotton Ginning,receipts_millions_usd,16.0,$16.00M,
115112,"Soil Preparation, Planting, and Cultivating",receipts_millions_usd,9.5,$9.50M,
115113,"Crop Harvesting, Primarily by Machine",receipts_millions_usd,13.5,$13.50M,
115114,Postharvest Crop Activities (except Cotton Ginning),receipts_millions_usd,34.0,$34.00M,
115115,Farm Labor Contractors and Crew Leaders,receipts_millions_usd,19.0,$19.00M,
115116,Farm Management Services,receipts_millions_usd,15.5,$15.50M,
115210,Support Activities for Animal Production,receipts_millions_usd,11.0,$11.00M,
115310,Support Activities for Forestry,receipts_millions_usd,11.5,$11.50M,
211120,Crude Petroleum Extraction,employees,1250.0,"1,250 employees",
211130,Natural Gas Extraction,employees,1250.0,"1,250 employees",
212114,Surface Coal Mining,employees,1250.0,"1,250 employees",
212115,Underground Coal Mining,employees,1500.0,"1,500 employees",
212210,Iron Ore Mining,employees,1400.0,"1,400 employees",
212220,Gold Ore and Silver Ore Mining,employees,1500.0,"1,500 employees",
212230,"Copper, Nickel, Lead, and Zinc Mining",employees,1400.0,"1,400 employees",
212290,Other Metal Ore Mining,employees,1250.0,"1,250 employees",
212311,Dimension Stone Mining and Quarrying,employees,500.0,500 employees,
212312,Crushed and Broken Limestone Mining and Quarrying,employees,750.0,750 employees,
212313,Crushed and Broken Granite Mining and Quarrying,employees,850.0,850 employees,
212319,Other Crushed and Broken Stone Mining and Quarrying,employees,550.0,550 employees,
212321,Construction Sand and Gravel Mining,employees,500.0,500 employees,
212322,Industrial Sand Mining,employees,750.0,750 employees,
212323,"Kaolin, Clay, and Ceramic and Refractory Minerals Mining",employees,650.0,650 employees,
212390,Other Nonmetallic Mineral Mining and Quarrying,employees,600.0,600 employees,
213111,Drilling Oil and Gas Wells,employees,1000.0,"1,000 employees",
213112,Support Activities for Oil and Gas Operations,receipts_millions_usd,47.0,$47.00M,
213113,Support Activities for Coal Mining,receipts_millions_usd,27.5,$27.50M,
213114,Support Activities for Metal Mining,receipts_millions_usd,41.0,$41.00M,
213115,Support Activities for Nonmetallic Minerals (except Fuels) Mining,receipts_millions_usd,20.5,$20.50M,
221111,Hydroelectric Power Generation,employees,750.0,750 employees,
221112,Fossil Fuel Electric Power Generation,employees,950.0,950 employees,
221113,Nuclear Electric Power Generation,employees,1150.0,"1,150 employees",
221114,Solar Electric Power Generation,employees,500.0,500 employees,
221115,Wind Electric Power Generation,employees,1150.0,"1,150 employees",
221116,Geothermal Electric Power Generation,employees,250.0,250 employees,
221117,Biomass Electric Power Generation,employees,550.0,550 employees,
221118,Other Electric Power Generation,employees,650.0,650 employees,
221121,Electric Bulk Power Transmission and Control,employees,950.0,950 employees,
221122,Electric Power Distribution,employees,1100.0,"1,100 employees",
221210,Natural Gas Distribution,employees,1150.0,"1,150 employees",
221310,Water Supply and Irrigation Systems,receipts_millions_usd,41.0,$41.00M,
221320,Sewage Treatment Facilities,receipts_millions_usd,35.0,$35.00M,
221330,Steam and Air‑Conditioning Supply,receipts_millions_usd,30.0,$30.00M,
236115,New Single-family Housing Construction (Except For-Sale Builders),receipts_millions_usd,45.0,$45.00M,
236116,New Multifamily Housing Construction (except For-Sale Builders),receipts_millions_usd,45.0,$45.00M,
236117,New Housing For-Sale Builders,receipts_millions_usd,45.0,$45.00M,
236118,Residential Remodelers,receipts_millions_usd,45.0,$45.00M,
236210,Industrial Building Construction,receipts_millions_usd,45.0,$45.00M,
236220,Commercial and Institutional Building Construction,receipts_millions_usd,45.0,$45.00M,
237110,Water and Sewer Line and Related Structures Construction,receipts_millions_usd,45.0,$45.00M,
237120,Oil and Gas Pipeline and Related Structures Construction,receipts_millions_usd,45.0,$45.00M,
237130,Power and Communication Line and Related Structures Construction,receipts_millions_usd,45.0,$45.00M,
237210,Land Subdivision,receipts_millions_usd,34.0,$34.00M,
237310,"Highway, Street, and Bridge Construction",receipts_millions_usd,45.0,$45.00M,
237990,Other Heavy and Civil Engineering Construction,receipts_millions_usd,45.0,$45.00M,
238110,Poured Concrete Foundation and Structure Contractors,receipts_millions_usd,19.0,$19.00M,
238120,Structural Steel and Precast Concrete Contractors,receipts_millions_usd,19.0,$19.00M,
238130,Framing Contractors,receipts_millions_usd,19.0,$19.00M,
238140,Masonry Contractors,receipts_millions_usd,19.0,$19.00M,
238150,Glass and Glazing Contractors,receipts_millions_usd,19.0,$19.00M,
238160,Roofing Contractors,receipts_millions_usd,19.0,$19.00M,
238170,Siding Contractors,receipts_millions_usd,19.0,$19.00M,
238190,"Other Foundation, Structure, and Building Exterior Contractors",receipts_millions_usd,19.0,$19.00M,
238210,Electrical Contractors and Other Wiring Installation Contractors,receipts_millions_usd,19.0,$19.00M,
238220,"Plumbing, Heating, and Air‑Conditioning Contractors",receipts_millions_usd,19.0,$19.00M,
238290,Other Building Equipment Contractors,receipts_millions_usd,22.0,$22.00M,
238310,Drywall and Insulation Contractors,receipts_millions_usd,19.0,$19.00M,
238320,Painting and Wall Covering Contractors,receipts_millions_usd,19.0,$19.00M,
238330,Flooring Contractors,receipts_millions_usd,19.0,$19.00M,
238340,Tile and Terrazzo Contractors,receipts_millions_usd,19.0,$19.00M,
238350,Finish Carpentry Contractors,receipts_millions_usd,19.0,$19.00M,
238390,Other Building Finishing Contractors,receipts_millions_usd,19.0,$19.00M,
238910,Site Preparation Contractors,receipts_millions_usd,19.0,$19.00M,
238990,All Other Specialty Trade Contractors,receipts_millions_usd,19.0,$19.00M,
311111,Dog and Cat Food Manufacturing,employees,1250.0,"1,250 employees",
311119,Other Animal Food Manufacturing,employees,650.0,650 employees,
311211,Flour Milling,employees,1050.0,"1,050 employees",
311212,Rice Milling,employees,750.0,750 employees,
311213,Malt Manufacturing,employees,500.0,500 employees,
311221,Wet Corn Milling and Starch Manufacturing,employees,1300.0,"1,300 employees",
311224,Soybean and Other Oilseed Processing,employees,1250.0,"1,250 employees",
311225,Fats and Oils Refining and Blending,employees,1100.0,"1,100 employees",
311230,Breakfast Cereal Manufacturing,employees,1300.0,"1,300 employees",
311313,Beet Sugar Manufacturing,employees,1150.0,"1,150 employees",
311314,Cane Sugar Manufacturing,employees,1050.0,"1,050 employees",
311340,Nonchocolate Confectionery Manufacturing,employees,1000.0,"1,000 employees",
311351,Chocolate and Confectionery Manufacturing from Cacao Beans,employees,1250.0,"1,250 employees",
311352,Confectionery Manufacturing from Purchased Chocolate,employees,1000.0,"1,000 employees",
311411,"Frozen Fruit, Juice and Vegetable Manufacturing",employees,1100.0,"1,100 employees",
311412,Frozen Specialty Food Manufacturing,employees,1250.0,"1,250 employees",
311421,Fruit and Vegetable Canning,employees,1000.0,"1,000 employees",See footnote 3
311422,Specialty Canning,employees,1400.0,"1,400 employees",
311423,Dried and Dehydrated Food Manufacturing,employees,750.0,750 employees,
311511,Fluid Milk Manufacturing,employees,1150.0,"1,150 employees",
311512,Creamery Butter Manufacturing,employees,750.0,750 employees,
311513,Cheese Manufacturing,employees,1250.0,"1,250 employees",
311514,"Dry, Condensed, and Evaporated Dairy Product Manufacturing",employees,1000.0,"1,000 employees",
311520,Ice Cream and Frozen Dessert Manufacturing,employees,1000.0,"1,000 employees",
311611,Animal (except Poultry) Slaughtering,employees,1150.0,"1,150 employees",
311612,Meat Processed from Carcasses,employees,1000.0,"1,000 employees",
311613,Rendering and Meat Byproduct Processing,employees,750.0,750 employees,
311615,Poultry Processing,employees,1250.0,"1,250 employees",
311710,Seafood Product Preparation and Packaging,employees,750.0,750 employees,
311811,Retail Bakeries,employees,500.0,500 employees,
311812,Commercial Bakeries,employees,1000.0,"1,000 employees",
311813,"Frozen Cakes, Pies, and Other Pastries Manufacturing",employees,750.0,750 employees,
311821,Cookie and Cracker Manufacturing,employees,1250.0,"1,250 employees",
311824,"Dry Pasta, Dough, and Flour Mixes Manufacturing from Purchased Flour",employees,850.0,850 employees,
311830,Tortilla Manufacturing,employees,1250.0,"1,250 employees",
311911,Roasted Nuts and Peanut Butter Manufacturing,employees,750.0,750 employees,
311919,Other Snack Food Manufacturing,employees,1250.0,"1,250 employees",
311920,Coffee and Tea Manufacturing,employees,1000.0,"1,000 employees",
311930,Flavoring Syrup and Concentrate Manufacturing,employees,1100.0,"1,100 employees",
311941,"Mayonnaise, Dressing and Other Prepared Sauce Manufacturing",employees,850.0,850 employees,
311942,Spice and Extract Manufacturing,employees,650.0,650 employees,
311991,Perishable Prepared Food Manufacturing,employees,700.0,700 employees,
311999,All Other Miscellaneous Food Manufacturing,employees,700.0,700 employees,
312111,Soft Drink Manufacturing,employees,1400.0,"1,400 employees",
312112,Bottled Water Manufacturing,employees,1100.0,"1,100 employees",
312113,Ice Manufacturing,employees,750.0,750 employees,
312120,Breweries,employees,1250.0,"1,250 employees",
312130,Wineries,employees,1000.0,"1,000 employees",
312140,Distilleries,employees,1100.0,"1,100 employees",
312230,Tobacco Manufacturing,employees,1500.0,"1,500 employees",
313110,"Fiber, Yarn, and Thread Mills",employees,1250.0,"1,250 employees",
313210,Broadwoven Fabric Mills,employees,1000.0,"1,000 employees",
313220,Narrow Fabric Mills and Schiffli Machine Embroidery,employees,550.0,550 employees,
313230,Nonwoven Fabric Mills,employees,850.0,850 employees,
313240,Knit Fabric Mills,employees,500.0,500 employees,
313310,Textile and Fabric Finishing Mills,employees,1000.0,"1,000 employees",
313320,Fabric Coating Mills,employees,1000.0,"1,000 employees",
314110,Carpet and Rug Mills,employees,1500.0,"1,500 employees",
314120,Curtain and Linen Mills,employees,750.0,750 employees,
314910,Textile Bag and Canvas Mills,employees,500.0,500 employees,
314994,"Rope, Cordage, Twine, Tire Cord, and Tire Fabric Mills",employees,1000.0,"1,000 employees",
314999,All Other Miscellaneous Textile Product Mills,employees,550.0,550 employees,
315120,Apparel Knitting Mills,employees,850.0,850 employees,
315210,Cut and Sew Apparel Contractors,employees,750.0,750 employees,
315250,Cut and Sew Apparel Manufacturing (except Contractors),employees,750.0,750 employees,
315990,Apparel Accessories and Other Apparel Manufacturing,employees,600.0,600 employees,
316110,Leather and Hide Tanning and Finishing,employees,800.0,800 employees,
316210,Footwear Manufacturing,employees,1000.0,"1,000 employees",
316990,Other Leather and Allied Product Manufacturing,employees,500.0,500 employees,
321113,Sawmills,employees,550.0,550 employees,
321114,Wood Preservation,employees,550.0,550 employees,
321211,Hardwood Veneer and Plywood Manufacturing,employees,600.0,600 employees,
321212,Softwood Veneer and Plywood Manufacturing,employees,1250.0,"1,250 employees",
321215,Engineered Wood Member Manufacturing,employees,500.0,500 employees,
321219,Reconstituted Wood Product Manufacturing,employees,750.0,750 employees,
321911,Wood Window and Door Manufacturing,employees,1000.0,"1,000 employees",
321912,"Cut Stock, Resawing Lumber, and Planing",employees,500.0,500 employees,
321918,Other Millwork (including Flooring),employees,500.0,500 employees,
321920,Wood Container and Pallet Manufacturing,employees,500.0,500 employees,
321991,Manufactured Home (Mobile Home) Manufacturing,employees,1250.0,"1,250 employees",
321992,Prefabricated Wood Building Manufacturing,employees,500.0,500 employees,
321999,All Other Miscellaneous Wood Product Manufacturing,employees,500.0,500 employees,
322110,Pulp Mills,employees,1050.0,"1,050 employees",
322120,Paper Mills,employees,1250.0,"1,250 employees",
322130,Paperboard Mills,employees,1250.0,"1,250 employees",
322211,Corrugated and Solid Fiber Box Manufacturing,employees,1250.0,"1,250 employees",
322212,Folding Paperboard Box Manufacturing,employees,750.0,750 employees,
322219,Other Paperboard Container Manufacturing,employees,1000.0,"1,000 employees",
322220,Paper Bag and Coated and Treated Paper Manufacturing,employees,750.0,750 employees,
322230,Stationery Product Manufacturing,employees,750.0,750 employees,
322291,Sanitary Paper Product Manufacturing,employees,1500.0,"1,500 employees",
322299,All Other Converted Paper Product Manufacturing,employees,500.0,500 employees,
323111,Commercial Printing (except Screen and Books),employees,650.0,650 employees,
323113,Commercial Screen Printing,employees,500.0,500 employees,
323117,Books Printing,employees,1250.0,"1,250 employees",
323120,Support Activities for Printing,employees,550.0,550 employees,
324110,Petroleum Refineries,employees,1500.0,"1,500 employees",See footnote 4
324121,Asphalt Paving Mixture and Block Manufacturing,employees,500.0,500 employees,
324122,Asphalt Shingle and Coating Materials Manufacturing,employees,1100.0,"1,100 employees",
324191,Petroleum Lubricating Oil and Grease Manufacturing,employees,900.0,900 employees,
324199,All Other Petroleum and Coal Products Manufacturing,employees,950.0,950 employees,
325110,Petrochemical Manufacturing,employees,1300.0,"1,300 employees",
325120,Industrial Gas Manufacturing,employees,1200.0,"1,200 employees",
325130,Synthetic Dye and Pigment Manufacturing,employees,1050.0,"1,050 employees",
325180,Other Basic Inorganic Chemical Manufacturing,employees,1000.0,"1,000 employees",
325193,Ethyl Alcohol Manufacturing,employees,1000.0,"1,000 employees",
325194,"Cyclic Crude, Intermediate, and Gum and Wood Chemical Manufacturing",employees,1250.0,"1,250 employees",
325199,All Other Basic Organic Chemical Manufacturing,employees,1250.0,"1,250 employees",
325211,Plastics Material and Resin Manufacturing,employees,1250.0,"1,250 employees",
325212,Synthetic Rubber Manufacturing,employees,1000.0,"1,000 employees",
325220,Artificial and Synthetic Fibers and Filaments Manufacturing,employees,1050.0,"1,050 employees",
325311,Nitrogenous Fertilizer Manufacturing,employees,1050.0,"1,050 employees",
325312,Phosphatic Fertilizer Manufacturing,employees,1350.0,"1,350 employees",
325314,Fertilizer (Mixing Only) Manufacturing,employees,550.0,550 employees,
325315,Compost Manufacturing,employees,550.0,550 employees,
325320,Pesticide and Other Agricultural Chemical Manufacturing,employees,1150.0,"1,150 employees",
325411,Medicinal and Botanical Manufacturing,employees,1000.0,"1,000 employees",
325412,Pharmaceutical Preparation Manufacturing,employees,1300.0,"1,300 employees",
325413,In‑Vitro Diagnostic Substance Manufacturing,employees,1250.0,"1,250 employees",
325414,Biological Product (except Diagnostic) Manufacturing,employees,1250.0,"1,250 employees",
325510,Paint and Coating Manufacturing,employees,1000.0,"1,000 employees",
325520,Adhesive Manufacturing,employees,550.0,550 employees,
325611,Soap and Other Detergent Manufacturing,employees,1100.0,"1,100 employees",
325612,Polish and Other Sanitation Good Manufacturing,employees,900.0,900 employees,
325613,Surface Active Agent Manufacturing,employees,1100.0,"1,100 employees",
325620,Toilet Preparation Manufacturing,employees,1250.0,"1,250 employees",
325910,Printing Ink Manufacturing,employees,750.0,750 employees,
325920,Explosives Manufacturing,employees,750.0,750 employees,
325991,Custom Compounding of Purchased Resins,employees,600.0,600 employees,
325992,"Photographic Film, Paper, Plate, Chemical, and Copy Toner Manufacturing",employees,1500.0,"1,500 employees",
325998,All Other Miscellaneous Chemical Product and Preparation Manufacturing,employees,650.0,650 employees,
326111,Plastic Bag and Pouch Manufacturing,employees,750.0,750 employees,
326112,Plastics Packaging Film and Sheet (including Laminated) Manufacturing,employees,1000.0,"1,000 employees",
326113,Unlaminated Plastics Film and Sheet (except Packaging) Manufacturing,employees,750.0,750 employees,
326121,Unlaminated Plastics Profile Shape Manufacturing,employees,600.0,600 employees,
326122,Plastics Pipe and Pipe Fitting Manufacturing,employees,750.0,750 employees,
326130,"Laminated Plastics Plate, Sheet (except Packaging), and Shape Manufacturing",employees,650.0,650 employees,
326140,Polystyrene Foam Product Manufacturing,employees,1000.0,"1,000 employees",
326150,Urethane and Other Foam Product (except Polystyrene) Manufacturing,employees,750.0,750 employees,
326160,Plastics Bottle Manufacturing,employees,1250.0,"1,250 employees",
326191,Plastics Plumbing Fixture Manufacturing,employees,750.0,750 employees,
326199,All Other Plastics Product Manufacturing,employees,750.0,750 employees,
326211,Tire Manufacturing (except Retreading),employees,1500.0,"1,500 employees",See footnote 5
326212,Tire Retreading,employees,500.0,500 employees,
326220,Rubber and Plastics Hoses and Belting Manufacturing,employees,800.0,800 employees,
326291,Rubber Product Manufacturing for Mechanical Use,employees,750.0,750 employees,
326299,All Other Rubber Product Manufacturing,employees,650.0,650 employees,
327110,"Pottery, Ceramics, and Plumbing Fixture Manufacturing",employees,1000.0,"1,000 employees",
327120,Clay Building Material and Refractories Manufacturing,employees,750.0,750 employees,
327211,Flat Glass Manufacturing,employees,1100.0,"1,100 employees",
327212,Other Pressed and Blown Glass and Glassware Manufacturing,employees,1250.0,"1,250 employees",
327213,Glass Container Manufacturing,employees,1250.0,"1,250 employees",
327215,Glass Product Manufacturing Made of Purchased Glass,employees,1000.0,"1,000 employees",
327310,Cement Manufacturing,employees,1000.0,"1,000 employees",
327320,Ready‑Mix Concrete Manufacturing,employees,500.0,500 employees,
327331,Concrete Block and Brick Manufacturing,employees,500.0,500 employees,
327332,Concrete Pipe Manufacturing,employees,750.0,750 employees,
327390,Other Concrete Product Manufacturing,employees,500.0,500 employees,
327410,Lime Manufacturing,employees,1050.0,"1,050 employees",
327420,Gypsum Product Manufacturing,employees,1500.0,"1,500 employees",
327910,Abrasive Product Manufacturing,employees,900.0,900 employees,
327991,Cut Stone and Stone Product Manufacturing,employees,500.0,500 employees,
327992,Ground or Treated Mineral and Earth Manufacturing,employees,600.0,600 employees,
327993,Mineral Wool Manufacturing,employees,1500.0,"1,500 employees",
327999,All Other Miscellaneous Nonmetallic Mineral Product Manufacturing,employees,750.0,750 employees,
331110,Iron and Steel Mills and Ferroalloy Manufacturing,employees,1500.0,"1,500 employees",
331210,Iron and Steel Pipe and Tube Manufacturing from Purchased Steel,employees,1000.0,"1,000 employees",
331221,Rolled Steel Shape Manufacturing,employees,1000.0,"1,000 employees",
331222,Steel Wire Drawing,employees,1000.0,"1,000 employees",
331313,Alumina Refining and Primary Aluminum Production,employees,1300.0,"1,300 employees",
331314,Secondary Smelting and Alloying of Aluminum,employees,750.0,750 employees,
331315,"Aluminum Sheet, Plate and Foil Manufacturing",employees,1400.0,"1,400 employees",
331318,"Other Aluminum Rolling, Drawing, and Extruding",employees,750.0,750 employees,
331410,Nonferrous Metal (except Aluminum) Smelting and Refining,employees,1000.0,"1,000 employees",
331420,"Copper Rolling, Drawing, Extruding, and Alloying",employees,1050.0,"1,050 employees",
331491,"Nonferrous Metal (except Copper and Aluminum) Rolling, Drawing and Extruding",employees,900.0,900 employees,
331492,"Secondary Smelting, Refining, and Alloying of Nonferrous Metal (except Copper and Aluminum)",employees,850.0,850 employees,
331511,Iron Foundries,employees,1000.0,"1,000 employees",
331512,Steel Investment Foundries,employees,1050.0,"1,050 employees",
331513,Steel Foundries (except Investment),employees,700.0,700 employees,
331523,Nonferrous Metal Die-Casting Foundries,employees,700.0,700 employees,
331524,Aluminum Foundries (except Die‑Casting),employees,550.0,550 employees,
331529,Other Nonferrous Metal Foundries (except Die-Casting),employees,500.0,500 employees,
332111,Iron and Steel Forging,employees,750.0,750 employees,
332112,Nonferrous Forging,employees,950.0,950 employees,
332114,Custom Roll Forming,employees,600.0,600 employees,
332117,Powder Metallurgy Part Manufacturing,employees,550.0,550 employees,
332119,"Metal Crown, Closure, and Other Metal Stamping (except Automotive)",employees,500.0,500 employees,
332215,"Metal Kitchen Cookware, Utensil, Cutlery, and Flatware (except Precious) Manufacturing",employees,1000.0,"1,000 employees",
332216,Saw Blade and Handtool Manufacturing,employees,750.0,750 employees,
332311,Prefabricated Metal Building and Component Manufacturing,employees,750.0,750 employees,
332312,Fabricated Structural Metal Manufacturing,employees,500.0,500 employees,
332313,Plate Work Manufacturing,employees,750.0,750 employees,
332321,Metal Window and Door Manufacturing,employees,750.0,750 employees,
332322,Sheet Metal Work Manufacturing,employees,500.0,500 employees,
332323,Ornamental and Architectural Metal Work Manufacturing,employees,500.0,500 employees,
332410,Power Boiler and Heat Exchanger Manufacturing,employees,750.0,750 employees,
332420,Metal Tank (Heavy Gauge) Manufacturing,employees,750.0,750 employees,
332431,Metal Can Manufacturing,employees,1500.0,"1,500 employees",
332439,Other Metal Container Manufacturing,employees,600.0,600 employees,
332510,Hardware Manufacturing,employees,750.0,750 employees,
332613,Spring Manufacturing,employees,600.0,600 employees,
332618,Other Fabricated Wire Product Manufacturing,employees,500.0,500 employees,
332710,Machine Shops,employees,500.0,500 employees,
332721,Precision Turned Product Manufacturing,employees,500.0,500 employees,
332722,"Bolt, Nut, Screw, Rivet and Washer Manufacturing",employees,600.0,600 employees,
332811,Metal Heat Treating,employees,750.0,750 employees,
332812,"Metal Coating, Engraving (except Jewelry and Silverware), and Allied Services to Manufacturers",employees,600.0,600 employees,
332813,"Electroplating, Plating, Polishing, Anodizing and Coloring",employees,500.0,500 employees,
332911,Industrial Valve Manufacturing,employees,750.0,750 employees,
332912,Fluid Power Valve and Hose Fitting Manufacturing,employees,1000.0,"1,000 employees",
332913,Plumbing Fixture Fitting and Trim Manufacturing,employees,1000.0,"1,000 employees",
332919,Other Metal Valve and Pipe Fitting Manufacturing,employees,750.0,750 employees,
332991,Ball and Roller Bearing Manufacturing,employees,1250.0,"1,250 employees",
332992,Small Arms Ammunition Manufacturing,employees,1300.0,"1,300 employees",
332993,Ammunition (except Small Arms) Manufacturing,employees,1500.0,"1,500 employees",
332994,"Small Arms, Ordnance, and Ordnance Accessories Manufacturing",employees,1000.0,"1,000 employees",
332996,Fabricated Pipe and Pipe Fitting Manufacturing,employees,550.0,550 employees,
332999,All Other Miscellaneous Fabricated Metal Product Manufacturing,employees,750.0,750 employees,
333111,Farm Machinery and Equipment Manufacturing,employees,1250.0,"1,250 employees",
333112,Lawn and Garden Tractor and Home Lawn and Garden Equipment Manufacturing,employees,1500.0,"1,500 employees",
333120,Construction Machinery Manufacturing,employees,1250.0,"1,250 employees",
333131,Mining Machinery and Equipment Manufacturing,employees,900.0,900 employees,
333132,Oil and Gas Field Machinery and Equipment Manufacturing,employees,1250.0,"1,250 employees",
333241,Food Product Machinery Manufacturing,employees,500.0,500 employees,
333242,Semiconductor Machinery Manufacturing,employees,1500.0,"1,500 employees",
333243,"Sawmill, Woodworking, and Paper Machinery Manufacturing",employees,550.0,550 employees,
333248,All Other Industrial Machinery Manufacturing,employees,750.0,750 employees,
333310,Commercial and Service Industry Machinery Manufacturing,employees,1000.0,"1,000 employees",
333413,Industrial and Commercial Fan and Blower and Air Purification Equipment Manufacturing,employees,500.0,500 employees,
333414,Heating Equipment (except Warm Air Furnaces) Manufacturing,employees,500.0,500 employees,
333415,Air‑Conditioning and Warm Air Heating Equipment and Commercial and Industrial Refrigeration Equipment Manufacturing,employees,1250.0,"1,250 employees",
333511,Industrial Mold Manufacturing,employees,500.0,500 employees,
333514,"Special Die and Tool, Die Set, Jig and Fixture Manufacturing",employees,500.0,500 employees,
333515,Cutting Tool and Machine Tool Accessory Manufacturing,employees,500.0,500 employees,
333517,Machine Tool Manufacturing,employees,500.0,500 employees,
333519,Rolling Mill and Other Metalworking Machinery Manufacturing,employees,500.0,500 employees,
333611,Turbine and Turbine Generator Set Unit Manufacturing,employees,1500.0,"1,500 employees",
333612,"Speed Changer, Industrial High‑Speed Drive and Gear Manufacturing",employees,750.0,750 employees,
333613,Mechanical Power Transmission Equipment Manufacturing,employees,750.0,750 employees,
333618,Other Engine Equipment Manufacturing,employees,1500.0,"1,500 employees",
333912,Air and Gas Compressor Manufacturing,employees,1000.0,"1,000 employees",
333914,"Measuring, Dispensing, and Other Pumping Equipment Manufacturing",employees,750.0,750 employees,
333921,Elevator and Moving Stairway Manufacturing,employees,1000.0,"1,000 employees",
333922,Conveyor and Conveying Equipment Manufacturing,employees,500.0,500 employees,
333923,"Overhead Traveling Crane, Hoist and Monorail System Manufacturing",employees,1250.0,"1,250 employees",
333924,"Industrial Truck, Tractor, Trailer and Stacker Machinery Manufacturing",employees,900.0,900 employees,
333991,Power‑Driven Hand Tool Manufacturing,employees,950.0,950 employees,
333992,Welding and Soldering Equipment Manufacturing,employees,1250.0,"1,250 employees",
333993,Packaging Machinery Manufacturing,employees,600.0,600 employees,
333994,Industrial Process Furnace and Oven Manufacturing,employees,500.0,500 employees,
333995,Fluid Power Cylinder and Actuator Manufacturing,employees,800.0,800 employees,
333996,Fluid Power Pump and Motor Manufacturing,employees,1250.0,"1,250 employees",
333998,All Other Miscellaneous General Purpose Machinery Manufacturing,employees,700.0,700 employees,
334111,Electronic Computer Manufacturing,employees,1250.0,"1,250 employees",
334112,Computer Storage Device Manufacturing,employees,1250.0,"1,250 employees",
334118,Computer Terminal and Other Computer Peripheral Equipment Manufacturing,employees,1000.0,"1,000 employees",
334210,Telephone Apparatus Manufacturing,employees,1250.0,"1,250 employees",
334220,Radio and Television Broadcasting and Wireless Communications Equipment Manufacturing,employees,1250.0,"1,250 employees",
334290,Other Communications Equipment Manufacturing,employees,800.0,800 employees,
334310,Audio and Video Equipment Manufacturing,employees,750.0,750 employees,
334412,Bare Printed Circuit Board Manufacturing,employees,750.0,750 employees,
334413,Semiconductor and Related Device Manufacturing,employees,1250.0,"1,250 employees",
334416,"Capacitor, Resistor, Coil, Transformer, and Other Inductor Manufacturing",employees,550.0,550 employees,
334417,Electronic Connector Manufacturing,employees,1000.0,"1,000 employees",
334418,Printed Circuit Assembly (Electronic Assembly) Manufacturing,employees,750.0,750 employees,
334419,Other Electronic Component Manufacturing,employees,750.0,750 employees,
334510,Electromedical and Electrotherapeutic Apparatus Manufacturing,employees,1250.0,"1,250 employees",
334511,"Search, Detection, Navigation, Guidance, Aeronautical, and Nautical System and Instrument Manufacturing",employees,1350.0,"1,350 employees",
334512,"Automatic Environmental Control Manufacturing for Residential, Commercial and Appliance Use",employees,650.0,650 employees,
334513,"Instruments and Related Products Manufacturing for Measuring, Displaying, and Controlling Industrial Process Variables",employees,750.0,750 employees,
334514,Totalizing Fluid Meter and Counting Device Manufacturing,employees,850.0,850 employees,
334515,Instrument Manufacturing for Measuring and Testing Electricity and Electrical Signals,employees,750.0,750 employees,
334516,Analytical Laboratory Instrument Manufacturing,employees,1000.0,"1,000 employees",
334517,Irradiation Apparatus Manufacturing,employees,1200.0,"1,200 employees",
334519,Other Measuring and Controlling Device Manufacturing,employees,600.0,600 employees,
334610,Manufacturing and Reproducing Magnetic and Optical Media,employees,1250.0,"1,250 employees",
335131,Residential Electric Lighting Fixture Manufacturing,employees,750.0,750 employees,
335132,"Commercial, Industrial, and Institutional Electric Lighting Fixture Manufacturing",employees,600.0,600 employees,
335139,Electric Lamp Bulb and Other Lighting Equipment Manufacturing,employees,1250.0,"1,250 employees",
335210,Small Electrical Appliance Manufacturing,employees,1500.0,"1,500 employees",
335220,Major Household Appliance Manufacturing,employees,1500.0,"1,500 employees",
335311,"Power, Distribution and Specialty Transformer Manufacturing",employees,800.0,800 employees,
335312,Motor and Generator Manufacturing,employees,1250.0,"1,250 employees",
335313,Switchgear and Switchboard Apparatus Manufacturing,employees,1250.0,"1,250 employees",
335314,Relay and Industrial Control Manufacturing,employees,750.0,750 employees,
335910,Battery Manufacturing,employees,1250.0,"1,250 employees",
335921,Fiber Optic Cable Manufacturing,employees,1000.0,"1,000 employees",
335929,Other Communication and Energy Wire Manufacturing,employees,1000.0,"1,000 employees",
335931,Current‑Carrying Wiring Device Manufacturing,employees,600.0,600 employees,
335932,Noncurrent‑Carrying Wiring Device Manufacturing,employees,1000.0,"1,000 employees",
335991,Carbon and Graphite Product Manufacturing,employees,900.0,900 employees,
335999,All Other Miscellaneous Electrical Equipment and Component Manufacturing,employees,600.0,600 employees,
336110,Automobile and Light Duty Motor Vehicle Manufacturing,employees,1500.0,"1,500 employees",
336120,Heavy Duty Truck Manufacturing,employees,1500.0,"1,500 employees",
336211,Motor Vehicle Body Manufacturing,employees,1000.0,"1,000 employees",
336212,Truck Trailer Manufacturing,employees,1000.0,"1,000 employees",
336213,Motor Home Manufacturing,employees,1250.0,"1,250 employees",
336214,Travel Trailer and Camper Manufacturing,employees,1000.0,"1,000 employees",
336310,Motor Vehicle Gasoline Engine and Engine Parts Manufacturing,employees,1050.0,"1,050 employees",
336320,Motor Vehicle Electrical and Electronic Equipment Manufacturing,employees,1000.0,"1,000 employees",
336330,Motor Vehicle Steering and Suspension Components (except Spring) Manufacturing,employees,1000.0,"1,000 employees",
336340,Motor Vehicle Brake System Manufacturing,employees,1250.0,"1,250 employees",
336350,Motor Vehicle Transmission and Power Train Parts Manufacturing,employees,1500.0,"1,500 employees",
336360,Motor Vehicle Seating and Interior Trim Manufacturing,employees,1500.0,"1,500 employees",
336370,Motor Vehicle Metal Stamping,employees,1000.0,"1,000 employees",
336390,Other Motor Vehicle Parts Manufacturing,employees,1000.0,"1,000 employees",
336411,Aircraft Manufacturing,employees,1500.0,"1,500 employees",
336412,Aircraft Engine and Engine Parts Manufacturing,employees,1500.0,"1,500 employees",
336413,Other Aircraft Part and Auxiliary Equipment Manufacturing,employees,1250.0,"1,250 employees",See footnote 7
336414,Guided Missile and Space Vehicle Manufacturing,employees,1300.0,"1,300 employees",
336415,Guided Missile and Space Vehicle Propulsion Unit and Propulsion Unit Parts Manufacturing,employees,1250.0,"1,250 employees",
336419,Other Guided Missile and Space Vehicle Parts and Auxiliary Equipment Manufacturing,employees,1050.0,"1,050 employees",
336510,Railroad Rolling Stock Manufacturing,employees,1500.0,"1,500 employees",
336611,Ship Building and Repairing,employees,1300.0,"1,300 employees",
336612,Boat Building,employees,1000.0,"1,000 employees",
336991,"Motorcycle, Bicycle and Parts Manufacturing",employees,1050.0,"1,050 employees",
336992,"Military Armored Vehicle, Tank and Tank Component Manufacturing",employees,1500.0,"1,500 employees",
336999,All Other Transportation Equipment Manufacturing,employees,1000.0,"1,000 employees",
337110,Wood Kitchen Cabinet and Counter Top Manufacturing,employees,750.0,750 employees,
337121,Upholstered Household Furniture Manufacturing,employees,1000.0,"1,000 employees",
337122,Nonupholstered Wood Household Furniture Manufacturing,employees,750.0,750 employees,
337126,Household Furniture (except Wood and Upholstered) Manufacturing,employees,950.0,950 employees,
337127,Institutional Furniture Manufacturing,employees,500.0,500 employees,
337211,Wood Office Furniture Manufacturing,employees,1000.0,"1,000 employees",
337212,Custom Architectural Woodwork and Millwork Manufacturing,employees,500.0,500 employees,
337214,Office Furniture (Except Wood) Manufacturing,employees,1100.0,"1,100 employees",
337215,"Showcase, Partition, Shelving, and Locker Manufacturing",employees,500.0,500 employees,
337910,Mattress Manufacturing,employees,1000.0,"1,000 employees",
337920,Blind and Shade Manufacturing,employees,1000.0,"1,000 employees",
339112,Surgical and Medical Instrument Manufacturing,employees,1000.0,"1,000 employees",
339113,Surgical Appliance and Supplies Manufacturing,employees,800.0,800 employees,
339114,Dental Equipment and Supplies Manufacturing,employees,750.0,750 employees,
339115,Ophthalmic Goods Manufacturing,employees,1000.0,"1,000 employees",
339116,Dental Laboratories,employees,500.0,500 employees,
339910,Jewelry and Silverware Manufacturing,employees,700.0,700 employees,
339920,Sporting and Athletic Goods Manufacturing,employees,750.0,750 employees,
339930,"Doll, Toy, and Game Manufacturing",employees,700.0,700 employees,
339940,Office Supplies (except Paper) Manufacturing,employees,750.0,750 employees,
339950,Sign Manufacturing,employees,500.0,500 employees,
339991,"Gasket, Packing, and Sealing Device Manufacturing",employees,600.0,600 employees,
339992,Musical Instrument Manufacturing,employees,1000.0,"1,000 employees",
339993,"Fastener, Button, Needle and Pin Manufacturing",employees,750.0,750 employees,
339994,"Broom, Brush and Mop Manufacturing",employees,750.0,750 employees,
339995,Burial Casket Manufacturing,employees,1000.0,"1,000 employees",
339999,All Other Miscellaneous Manufacturing,employees,550.0,550 employees,
423110,Automobile and Other Motor Vehicle Merchant Wholesalers,employees,250.0,250 employees,
423120,Motor Vehicle Supplies and New Parts Merchant Wholesalers,employees,200.0,200 employees,
423130,Tire and Tube Merchant Wholesalers,employees,200.0,200 employees,
423140,Motor Vehicle Parts (Used) Merchant Wholesalers,employees,125.0,125 employees,
423210,Furniture Merchant Wholesalers,employees,100.0,100 employees,
423220,Home Furnishing Merchant Wholesalers,employees,100.0,100 employees,
423310,"Lumber, Plywood, Millwork, and Wood Panel Merchant Wholesalers",employees,150.0,150 employees,
423320,"Brick, Stone, and Related Construction Material Merchant Wholesalers",employees,150.0,150 employees,
423330,"Roofing, Siding, and Insulation Material Merchant Wholesalers",employees,225.0,225 employees,
423390,Other Construction Material Merchant Wholesalers,employees,100.0,100 employees,
423410,Photographic Equipment and Supplies Merchant Wholesalers,employees,200.0,200 employees,
423420,Office Equipment Merchant Wholesalers,employees,200.0,200 employees,
423430,Computer and Computer Peripheral Equipment and Software Merchant Wholesalers,employees,250.0,250 employees,
423440,Other Commercial Equipment Merchant Wholesalers,employees,100.0,100 employees,
423450,"Medical, Dental, and Hospital Equipment and Supplies Merchant Wholesalers",employees,200.0,200 employees,
423460,Ophthalmic Goods Merchant Wholesalers,employees,175.0,175 employees,
423490,Other Professional Equipment and Supplies Merchant Wholesalers,employees,150.0,150 employees,
423510,Metal Service Centers and Other Metal Merchant Wholesalers,employees,200.0,200 employees,
423520,Coal and Other Mineral and Ore Merchant Wholesalers,employees,200.0,200 employees,
423610,"Electrical Apparatus and Equipment, Wiring Supplies, and Related Equipment Merchant Wholesalers",employees,200.0,200 employees,
423620,"Household Appliances, Electric Housewares, and Consumer Electronics Merchant Wholesalers",employees,225.0,225 employees,
423690,Other Electronic Parts and Equipment Merchant Wholesalers,employees,250.0,250 employees,
423710,Hardware Merchant Wholesalers,employees,150.0,150 employees,
423720,Plumbing and Heating Equipment and Supplies (Hydronics) Merchant Wholesalers,employees,200.0,200 employees,
423730,Warm Air Heating and Air‑Conditioning Equipment and Supplies Merchant Wholesalers,employees,175.0,175 employees,
423740,Refrigeration Equipment and Supplies Merchant Wholesalers,employees,125.0,125 employees,
423810,Construction and Mining (except Oil Well) Machinery and Equipment Merchant Wholesalers,employees,250.0,250 employees,
423820,Farm and Garden Machinery and Equipment Merchant Wholesalers,employees,125.0,125 employees,
423830,Industrial Machinery and Equipment Merchant Wholesalers,employees,100.0,100 employees,
423840,Industrial Supplies Merchant Wholesalers,employees,125.0,125 employees,
423850,Service Establishment Equipment and Supplies Merchant Wholesalers,employees,125.0,125 employees,
423860,Transportation Equipment and Supplies (except Motor Vehicle) Merchant Wholesalers,employees,175.0,175 employees,
423910,Sporting and Recreational Goods and Supplies Merchant Wholesalers,employees,100.0,100 employees,
423920,Toy and Hobby Goods and Supplies Merchant Wholesalers,employees,175.0,175 employees,
423930,Recyclable Material Merchant Wholesalers,employees,125.0,125 employees,
423940,"Jewelry, Watch, Precious Stone, and Precious Metal Merchant Wholesalers",employees,125.0,125 employees,
423990,Other Miscellaneous Durable Goods Merchant Wholesalers,employees,100.0,100 employees,
424110,Printing and Writing Paper Merchant Wholesalers,employees,225.0,225 employees,
424120,Stationary and Office Supplies Merchant Wholesalers,employees,150.0,150 employees,
424130,Industrial and Personal Service Paper Merchant Wholesalers,employees,150.0,150 employees,
424210,Drugs and Druggists’ Sundries Merchant Wholesalers,employees,250.0,250 employees,
424310,"Piece Goods, Notions, and Other Dry Goods Merchant Wholesalers",employees,100.0,100 employees,
424340,Footwear Merchant Wholesalers,employees,200.0,200 employees,
424350,Clothing and Clothing Accessories Merchant Wholesalers,employees,150.0,150 employees,
424410,General Line Grocery Merchant Wholesalers,employees,250.0,250 employees,
424420,Packaged Frozen Food Merchant Wholesalers,employees,200.0,200 employees,
424430,Dairy Product (except Dried or Canned) Merchant Wholesalers,employees,200.0,200 employees,
424440,Poultry and Poultry Product Merchant Wholesalers,employees,150.0,150 employees,
424450,Confectionery Merchant Wholesalers,employees,225.0,225 employees,
424460,Fish and Seafood Merchant Wholesalers,employees,100.0,100 employees,
424470,Meat and Meat Product Merchant Wholesalers,employees,150.0,150 employees,
424480,Fresh Fruit and Vegetable Merchant Wholesalers,employees,100.0,100 employees,
424490,Other Grocery and Related Products Merchant Wholesalers,employees,250.0,250 employees,
424510,Grain and Field Bean Merchant Wholesalers,employees,200.0,200 employees,
424520,Livestock Merchant Wholesalers,employees,125.0,125 employees,
424590,Other Farm Product Raw Material Merchant Wholesalers,employees,175.0,175 employees,
424610,Plastics Materials and Basic Forms and Shapes Merchant Wholesalers,employees,150.0,150 employees,
424690,Other Chemical and Allied Products Merchant Wholesalers,employees,175.0,175 employees,
424710,Petroleum Bulk Stations and Terminals,employees,225.0,225 employees,
424720,Petroleum and Petroleum Products Merchant Wholesalers (except Bulk Stations and Terminals),employees,200.0,200 employees,
424810,Beer and Ale Merchant Wholesalers,employees,200.0,200 employees,
424820,Wine and Distilled Alcoholic Beverage Merchant Wholesalers,employees,250.0,250 employees,
424910,Farm Supplies Merchant Wholesalers,employees,200.0,200 employees,
424920,"Book, Periodical, and Newspaper Merchant Wholesalers",employees,200.0,200 employees,
424930,"Flower, Nursery Stock, and Florists’ Supplies Merchant Wholesalers",employees,100.0,100 employees,
424940,Tobacco Product and Electronic Cigarette Merchant Wholesalers,employees,250.0,250 employees,
424950,"Paint, Varnish, and Supplies Merchant Wholesalers",employees,150.0,150 employees,
424990,Other Miscellaneous Nondurable Goods Merchant Wholesalers,employees,100.0,100 employees,
425120,Wholesale Trade Agents and Brokers,employees,125.0,125 employees,
441110,New Car Dealers,employees,200.0,200 employees,
441120,Used Car Dealers,receipts_millions_usd,30.5,$30.50M,
441210,Recreational Vehicle Dealers,receipts_millions_usd,40.0,$40.00M,
441222,Boat Dealers,receipts_millions_usd,40.0,$40.00M,
441227,"Motorcycle, ATV, and All Other Motor Vehicle Dealers",receipts_millions_usd,40.0,$40.00M,
441330,Automotive Parts and Accessories Retailers,receipts_millions_usd,28.5,$28.50M,
441340,Tire Dealers,receipts_millions_usd,25.5,$25.50M,
444110,Home Centers,receipts_millions_usd,47.0,$47.00M,
444120,Paint and Wallpaper Retailers,receipts_millions_usd,34.0,$34.00M,
444140,Hardware Retailers,receipts_millions_usd,16.5,$16.50M,
444180,Other Building Material Dealers,receipts_millions_usd,25.0,$25.00M,
444230,Outdoor Power Equipment Retailers,receipts_millions_usd,9.5,$9.50M,
444240,"Nursery, Garden Center, and Farm Supply Retailers",receipts_millions_usd,21.5,$21.50M,
445110,Supermarkets and Other Grocery Retailers (except Convenience Retailers),receipts_millions_usd,40.0,$40.00M,
445131,Convenience Retailers,receipts_millions_usd,36.5,$36.50M,
445132,Vending Machine Operators,receipts_millions_usd,21.0,$21.00M,
445230,Fruit and Vegetable Retailers,receipts_millions_usd,9.0,$9.00M,
445240,Meat Retailers,receipts_millions_usd,9.0,$9.00M,
445250,Fish and Seafood Retailers,receipts_millions_usd,9.0,$9.00M,
445291,Baked Goods Retailers,receipts_millions_usd,16.0,$16.00M,
445292,Confectionery and Nut Retailers,receipts_millions_usd,19.5,$19.50M,
445298,All Other Specialty Food Retailers,receipts_millions_usd,10.0,$10.00M,
445320,"Beer, Wine, and Liquor Retailers",receipts_millions_usd,10.0,$10.00M,
449110,Furniture Retailers,receipts_millions_usd,25.0,$25.00M,
449121,Floor Covering Retailers,receipts_millions_usd,9.0,$9.00M,
449122,Window Treatment Retailers,receipts_millions_usd,11.5,$11.50M,
449129,All Other Home Furnishings Retailers,receipts_millions_usd,33.5,$33.50M,
449210,Electronics and Appliance Retailers,receipts_millions_usd,40.0,$40.00M,
455110,Department Stores,receipts_millions_usd,40.0,$40.00M,
455211,Warehouse Clubs and Supercenters,receipts_millions_usd,47.0,$47.00M,
455219,All Other General Merchandise Retailers,receipts_millions_usd,40.0,$40.00M,
456110,Pharmacies and Drug Retailers,receipts_millions_usd,37.5,$37.50M,
456120,"Cosmetics, Beauty Supplies, and Perfume Retailers",receipts_millions_usd,34.0,$34.00M,
456130,Optical Goods Retailers,receipts_millions_usd,29.5,$29.50M,
456191,Food (Health) Supplement Retailers,receipts_millions_usd,22.5,$22.50M,
456199,All Other Health and Personal Care Retailers,receipts_millions_usd,9.5,$9.50M,
457110,Gasoline Stations with Convenience Stores,receipts_millions_usd,36.5,$36.50M,
457120,Other Gasoline Stations,receipts_millions_usd,33.5,$33.50M,
457210,Fuel Dealers,employees,100.0,100 employees,
458110,Clothing and Clothing Accessories Retailers,receipts_millions_usd,47.0,$47.00M,
458210,Shoe Retailers,receipts_millions_usd,34.0,$34.00M,
458310,Jewelry Retailers,receipts_millions_usd,20.5,$20.50M,
458320,Luggage and Leather Goods Retailers,receipts_millions_usd,38.0,$38.00M,
459110,Sporting Goods Retailers,receipts_millions_usd,26.5,$26.50M,
459120,"Hobby, Toy, and Game Retailers",receipts_millions_usd,35.0,$35.00M,
459130,"Sewing, Needlework, and Piece Goods Retailers",receipts_millions_usd,34.0,$34.00M,
459140,Musical Instrument and Supplies Retailers,receipts_millions_usd,22.5,$22.50M,
459210,Book Retailers and News Dealers,receipts_millions_usd,36.0,$36.00M,
459310,Florists,receipts_millions_usd,9.0,$9.00M,
459410,Office Supplies and Stationery Retailers,receipts_millions_usd,40.0,$40.00M,
459420,"Gift, Novelty, and Souvenir Retailers",receipts_millions_usd,13.5,$13.50M,
459510,Used Merchandise Retailers,receipts_millions_usd,14.0,$14.00M,
459910,Pet and Pet Supplies Retailers,receipts_millions_usd,32.0,$32.00M,
459920,Art Dealers,receipts_millions_usd,16.5,$16.50M,
459930,Manufactured (Mobile) Home Dealers,receipts_millions_usd,19.0,$19.00M,
459991,"Tobacco, Electronic Cigarette, and Other Smoking Supplies Retailers",receipts_millions_usd,11.5,$11.50M,
459999,All Other Miscellaneous Retailers,receipts_millions_usd,11.5,$11.50M,
481111,Scheduled Passenger Air Transportation,employees,1500.0,"1,500 employees",
481112,Scheduled Freight Air Transportation,employees,1500.0,"1,500 employees",
481211,Nonscheduled Chartered Passenger Air Transportation,employees,1500.0,"1,500 employees",
481212,Nonscheduled Chartered Freight Air Transportation,employees,1500.0,"1,500 employees",
481219,Other Nonscheduled Air Transportation,receipts_millions_usd,25.0,$25.00M,
482111,Line‑Haul Railroads,employees,1500.0,"1,500 employees",
482112,Short Line Railroads,employees,1500.0,"1,500 employees",
483111,Deep Sea Freight Transportation,employees,1050.0,"1,050 employees",
483112,Deep Sea Passenger Transportation,employees,1500.0,"1,500 employees",
483113,Coastal and Great Lakes Freight Transportation,employees,800.0,800 employees,
483114,Coastal and Great Lakes Passenger Transportation,employees,550.0,550 employees,
483211,Inland Water Freight Transportation,employees,1050.0,"1,050 employees",
483212,Inland Water Passenger Transportation,employees,550.0,550 employees,
484110,"General Freight Trucking, Local",receipts_millions_usd,34.0,$34.00M,
484121,"General Freight Trucking, Long‑Distance, Truckload",receipts_millions_usd,34.0,$34.00M,
484122,"General Freight Trucking, Long‑Distance, Less Than Truckload",receipts_millions_usd,43.0,$43.00M,
484210,Used Household and Office Goods Moving,receipts_millions_usd,34.0,$34.00M,
484220,"Specialized Freight (except Used Goods) Trucking, Local",receipts_millions_usd,34.0,$34.00M,
484230,"Specialized Freight (except Used Goods) Trucking, Long‑Distance",receipts_millions_usd,34.0,$34.00M,
485111,Mixed Mode Transit Systems,receipts_millions_usd,29.0,$29.00M,
485112,Commuter Rail Systems,receipts_millions_usd,47.0,$47.00M,
485113,Bus and Other Motor Vehicle Transit Systems,receipts_millions_usd,32.5,$32.50M,
485119,Other Urban Transit Systems,receipts_millions_usd,37.5,$37.50M,
485210,Interurban and Rural Bus Transportation,receipts_millions_usd,32.0,$32.00M,
485310,Taxi and Ridesharing Services,receipts_millions_usd,19.0,$19.00M,
485320,Limousine Service,receipts_millions_usd,19.0,$19.00M,
485410,School and Employee Bus Transportation,receipts_millions_usd,30.0,$30.00M,
485510,Charter Bus Industry,receipts_millions_usd,19.0,$19.00M,
485991,Special Needs Transportation,receipts_millions_usd,19.0,$19.00M,
485999,All Other Transit and Ground Passenger Transportation,receipts_millions_usd,19.0,$19.00M,
486110,Pipeline Transportation of Crude Oil,employees,1500.0,"1,500 employees",
486210,Pipeline Transportation of Natural Gas,receipts_millions_usd,41.5,$41.50M,
486910,Pipeline Transportation of Refined Petroleum Products,employees,1500.0,"1,500 employees",
486990,All Other Pipeline Transportation,receipts_millions_usd,46.0,$46.00M,
487110,"Scenic and Sightseeing Transportation, Land",receipts_millions_usd,20.5,$20.50M,
487210,"Scenic and Sightseeing Transportation, Water",receipts_millions_usd,14.0,$14.00M,
487990,"Scenic and Sightseeing Transportation, Other",receipts_millions_usd,25.0,$25.00M,
488111,Air Traffic Control,receipts_millions_usd,40.0,$40.00M,
488119,Other Airport Operations,receipts_millions_usd,40.0,$40.00M,
488190,Other Support Activities for Air Transportation,receipts_millions_usd,40.0,$40.00M,
488210,Support Activities for Rail Transportation,receipts_millions_usd,34.0,$34.00M,
488310,Port and Harbor Operations,receipts_millions_usd,47.0,$47.00M,
488320,Marine Cargo Handling,receipts_millions_usd,47.0,$47.00M,
488330,Navigational Services to Shipping,receipts_millions_usd,47.0,$47.00M,
488390,Other Support Activities for Water Transportation,receipts_millions_usd,47.0,$47.00M,
488410,Motor Vehicle Towing,receipts_millions_usd,9.0,$9.00M,
488490,Other Support Activities for Road Transportation,receipts_millions_usd,18.0,$18.00M,
488510,Freight Transportation Arrangement,receipts_millions_usd,20.0,$20.00M,See footnote 10
488991,Packing and Crating,receipts_millions_usd,34.0,$34.00M,
488999,All Other Support Activities for Transportation,receipts_millions_usd,25.0,$25.00M,
491110,Postal Service,receipts_millions_usd,9.0,$9.00M,
492110,Couriers and Express Delivery Services,employees,1500.0,"1,500 employees",
492210,Local Messengers and Local Delivery,receipts_millions_usd,34.0,$34.00M,
493110,General Warehousing and Storage,receipts_millions_usd,34.0,$34.00M,
493120,Refrigerated Warehousing and Storage,receipts_millions_usd,36.5,$36.50M,
493130,Farm Product Warehousing and Storage,receipts_millions_usd,34.0,$34.00M,
493190,Other Warehousing and Storage,receipts_millions_usd,36.5,$36.50M,
512110,Motion Picture and Video Production,receipts_millions_usd,40.0,$40.00M,
512120,Motion Picture and Video Distribution,receipts_millions_usd,39.0,$39.00M,
512131,Motion Picture Theaters (except Drive‑Ins),receipts_millions_usd,47.0,$47.00M,
512132,Drive‑In Motion Picture Theaters,receipts_millions_usd,12.5,$12.50M,
512191,Teleproduction and Other Postproduction Services,receipts_millions_usd,39.0,$39.00M,
512199,Other Motion Picture and Video Industries,receipts_millions_usd,28.5,$28.50M,
512230,Music Publishers,employees,900.0,900 employees,
512240,Sound Recording Studios,receipts_millions_usd,11.0,$11.00M,
512250,Record Production and Distribution,employees,900.0,900 employees,
512290,Other Sound Recording Industries,receipts_millions_usd,22.5,$22.50M,
513110,Newspaper Publishers,employees,1000.0,"1,000 employees",
513120,Periodical Publishers,employees,1000.0,"1,000 employees",
513130,Book Publishers,employees,1000.0,"1,000 employees",
513140,Directory and Mailing List Publishers,employees,1000.0,"1,000 employees",
513191,Greeting Card Publishers,employees,1000.0,"1,000 employees",
513199,All Other Publishers,employees,1000.0,"1,000 employees",
513210,Software Publishers,receipts_millions_usd,47.0,$47.00M,
516110,Radio Broadcasting Stations,receipts_millions_usd,47.0,$47.00M,
516120,Television Broadcasting Stations,receipts_millions_usd,47.0,$47.00M,
516210,"Media Streaming Distribution Services, Social Networks, and Other Media Networks and Content Providers",receipts_millions_usd,47.0,$47.00M,
517111,Wired Telecommunications Carriers,employees,1500.0,"1,500 employees",
517112,Wireless Telecommunications Carriers (except Satellite),employees,1500.0,"1,500 employees",
517121,Telecommunications Resellers,employees,1500.0,"1,500 employees",
517122,Agents for Wireless Telecommunications Services,employees,1500.0,"1,500 employees",
517410,Satellite Telecommunications,receipts_millions_usd,44.0,$44.00M,
517810,All Other Telecommunications,receipts_millions_usd,40.0,$40.00M,
518210,"Computing Infrastructure Providers, Data Processing, Web Hosting, and Related Services",receipts_millions_usd,40.0,$40.00M,
519210,Libraries and Archives,receipts_millions_usd,21.0,$21.00M,
519290,Web Search Portals and All Other Information Services,employees,1000.0,"1,000 employees",
522110,Commercial Banking,assets_millions_usd,850.0,$850 million in assets,See footnote 8
522130,Credit Unions,assets_millions_usd,850.0,$850 million in assets,See footnote 8
522180,Savings Institutions and Other Depository Credit Intermediation,assets_millions_usd,850.0,$850 million in assets,See footnote 8
522210,Credit Card Issuing,assets_millions_usd,850.0,$850 million in assets,See footnote 8
522220,Sales Financing,receipts_millions_usd,47.0,$47.00M,
522291,Consumer Lending,receipts_millions_usd,47.0,$47.00M,
522292,Real Estate Credit,receipts_millions_usd,47.0,$47.00M,
522299,"International, Secondary Market, and All Other Nondepository Credit Intermediation",receipts_millions_usd,47.0,$47.00M,
522310,Mortgage and Nonmortgage Loan Brokers,receipts_millions_usd,15.0,$15.00M,
522320,"Financial Transactions Processing, Reserve, and Clearinghouse Activities",receipts_millions_usd,47.0,$47.00M,
522390,Other Activities Related to Credit Intermediation,receipts_millions_usd,28.5,$28.50M,
523150,Investment Banking and Securities Intermediation,receipts_millions_usd,47.0,$47.00M,
523160,Commodity Contracts Intermediation,receipts_millions_usd,47.0,$47.00M,
523210,Securities and Commodity Exchanges,receipts_millions_usd,47.0,$47.00M,
523910,Miscellaneous Intermediation,receipts_millions_usd,47.0,$47.00M,
523940,Portfolio Management and Investment Advice,receipts_millions_usd,47.0,$47.00M,
523991,"Trust, Fiduciary and Custody Activities",receipts_millions_usd,47.0,$47.00M,
523999,Miscellaneous Financial Investment Activities,receipts_millions_usd,47.0,$47.00M,
524113,Direct Life Insurance Carriers,receipts_millions_usd,47.0,$47.00M,
524114,Direct Health and Medical Insurance Carriers,receipts_millions_usd,47.0,$47.00M,
524126,Direct Property and Casualty Insurance Carriers,employees,1500.0,"1,500 employees",
524127,Direct Title Insurance Carriers,receipts_millions_usd,47.0,$47.00M,
524128,"Other Direct Insurance (except Life, Health and Medical) Carriers",receipts_millions_usd,47.0,$47.00M,
524130,Reinsurance Carriers,receipts_millions_usd,47.0,$47.00M,
524210,Insurance Agencies and Brokerages,receipts_millions_usd,15.0,$15.00M,
524291,Claims Adjusting,receipts_millions_usd,25.0,$25.00M,
524292,Pharmacy Benefit Management and Other Third-Party Administration of Insurance and Pension Funds,receipts_millions_usd,45.5,$45.50M,
524298,All Other Insurance Related Activities,receipts_millions_usd,30.5,$30.50M,
525110,Pension Funds,receipts_millions_usd,40.0,$40.00M,
525120,Health and Welfare Funds,receipts_millions_usd,40.0,$40.00M,
525190,Other Insurance Funds,receipts_millions_usd,40.0,$40.00M,
525910,Open‑End Investment Funds,receipts_millions_usd,40.0,$40.00M,
525920,"Trusts, Estates, and Agency Accounts",receipts_millions_usd,40.0,$40.00M,
525990,Other Financial Vehicles,receipts_millions_usd,40.0,$40.00M,
531110,Lessors of Residential Buildings and Dwellings,receipts_millions_usd,34.0,$34.00M,See footnote 9
531120,Lessors of Nonresidential Buildings (except Miniwarehouses),receipts_millions_usd,34.0,$34.00M,See footnote 9
531130,Lessors of Miniwarehouses and Self Storage Units,receipts_millions_usd,34.0,$34.00M,See footnote 9
531190,Lessors of Other Real Estate Property,receipts_millions_usd,34.0,$34.00M,See footnote 9
531210,Offices of Real Estate Agents and Brokers,receipts_millions_usd,15.0,$15.00M,See footnote 10
531311,Residential Property Managers,receipts_millions_usd,12.5,$12.50M,
531312,Nonresidential Property Managers,receipts_millions_usd,19.5,$19.50M,
531320,Offices of Real Estate Appraisers,receipts_millions_usd,9.5,$9.50M,
531390,Other Activities Related to Real Estate,receipts_millions_usd,19.5,$19.50M,
532111,Passenger Car Rental,receipts_millions_usd,47.0,$47.00M,
532112,Passenger Car Leasing,receipts_millions_usd,47.0,$47.00M,
532120,"Truck, Utility Trailer, and RV (Recreational Vehicle) Rental and Leasing",receipts_millions_usd,47.0,$47.00M,
532210,Consumer Electronics and Appliances Rental,receipts_millions_usd,47.0,$47.00M,
532281,Formal Wear and Costume Rental,receipts_millions_usd,25.0,$25.00M,
532282,Video Tape and Disc Rental,receipts_millions_usd,35.0,$35.00M,
532283,Home Health Equipment Rental,receipts_millions_usd,41.0,$41.00M,
532284,Recreational Goods Rental,receipts_millions_usd,9.0,$9.00M,
532289,All Other Consumer Goods Rental,receipts_millions_usd,12.5,$12.50M,
532310,General Rental Centers,receipts_millions_usd,9.0,$9.00M,
532411,"Commercial Air, Rail, and Water Transportation Equipment Rental and Leasing",receipts_millions_usd,45.5,$45.50M,
532412,"Construction, Mining and Forestry Machinery and Equipment Rental and Leasing",receipts_millions_usd,40.0,$40.00M,
532420,Office Machinery and Equipment Rental and Leasing,receipts_millions_usd,40.0,$40.00M,
532490,Other Commercial and Industrial Machinery and Equipment Rental and Leasing,receipts_millions_usd,40.0,$40.00M,
533110,Lessors of Nonfinancial Intangible Assets (except Copyrighted Works),receipts_millions_usd,47.0,$47.00M,
541110,Offices of Lawyers,receipts_millions_usd,15.5,$15.50M,
541191,Title Abstract and Settlement Offices,receipts_millions_usd,19.5,$19.50M,
541199,All Other Legal Services,receipts_millions_usd,20.5,$20.50M,
541211,Offices of Certified Public Accountants,receipts_millions_usd,26.5,$26.50M,
541213,Tax Preparation Services,receipts_millions_usd,25.0,$25.00M,
541214,Payroll Services,receipts_millions_usd,39.0,$39.00M,
541219,Other Accounting Services,receipts_millions_usd,25.0,$25.00M,
541310,Architectural Services,receipts_millions_usd,12.5,$12.50M,
541320,Landscape Architectural Services,receipts_millions_usd,9.0,$9.00M,
541330,Engineering Services,receipts_millions_usd,25.5,$25.50M,
541340,Drafting Services,receipts_millions_usd,9.0,$9.00M,
541350,Building Inspection Services,receipts_millions_usd,11.5,$11.50M,
541360,Geophysical Surveying and Mapping Services,receipts_millions_usd,28.5,$28.50M,
541370,Surveying and Mapping (except Geophysical) Services,receipts_millions_usd,19.0,$19.00M,
541380,Testing Laboratories and Services,receipts_millions_usd,19.0,$19.00M,
541410,Interior Design Services,receipts_millions_usd,9.0,$9.00M,
541420,Industrial Design Services,receipts_millions_usd,17.0,$17.00M,
541430,Graphic Design Services,receipts_millions_usd,9.0,$9.00M,
541490,Other Specialized Design Services,receipts_millions_usd,13.5,$13.50M,
541511,Custom Computer Programming Services,receipts_millions_usd,34.0,$34.00M,
541512,Computer Systems Design Services,receipts_millions_usd,34.0,$34.00M,
541513,Computer Facilities Management Services,receipts_millions_usd,37.0,$37.00M,
541519,Other Computer Related Services,receipts_millions_usd,34.0,$34.00M,
541611,Administrative Management and General Management Consulting Services,receipts_millions_usd,24.5,$24.50M,
541612,Human Resources Consulting Services,receipts_millions_usd,29.0,$29.00M,
541613,Marketing Consulting Services,receipts_millions_usd,19.0,$19.00M,
541614,"Process, Physical Distribution and Logistics Consulting Services",receipts_millions_usd,20.0,$20.00M,
541618,Other Management Consulting Services,receipts_millions_usd,19.0,$19.00M,
541620,Environmental Consulting Services,receipts_millions_usd,19.0,$19.00M,
541690,Other Scientific and Technical Consulting Services,receipts_millions_usd,19.0,$19.00M,
541713,Research and Development in Nanotechnology,employees,1000.0,"1,000 employees",See footnote 11
541714,Research and Development in Biotechnology (except Nanobiotechnology),employees,1000.0,"1,000 employees",See footnote 11
541715,"Research and Development in the Physical, Engineering, and Life Sciences (except Nanotechnology and Biotechnology)",employees,1000.0,"1,000 employees",See footnote 11
541720,Research and Development in the Social Sciences and Humanities,receipts_millions_usd,28.0,$28.00M,
541810,Advertising Agencies,receipts_millions_usd,25.5,$25.50M,See footnote 10
541820,Public Relations Agencies,receipts_millions_usd,19.0,$19.00M,
541830,Media Buying Agencies,receipts_millions_usd,32.5,$32.50M,
541840,Media Representatives,receipts_millions_usd,21.0,$21.00M,
541850,Indoor and Outdoor Display Advertising,receipts_millions_usd,34.5,$34.50M,
541860,Direct Mail Advertising,receipts_millions_usd,22.0,$22.00M,
541870,Advertising Material Distribution Services,receipts_millions_usd,28.5,$28.50M,
541890,Other Services Related to Advertising,receipts_millions_usd,19.0,$19.00M,
541910,Marketing Research and Public Opinion Polling,receipts_millions_usd,22.5,$22.50M,
541921,"Photography Studios, Portrait",receipts_millions_usd,16.0,$16.00M,
541922,Commercial Photography,receipts_millions_usd,9.0,$9.00M,
541930,Translation and Interpretation Services,receipts_millions_usd,22.5,$22.50M,
541940,Veterinary Services,receipts_millions_usd,10.0,$10.00M,
541990,"All Other Professional, Scientific and Technical Services",receipts_millions_usd,19.5,$19.50M,
551111,Offices of Bank Holding Companies,receipts_millions_usd,38.5,$38.50M,
551112,Offices of Other Holding Companies,receipts_millions_usd,45.5,$45.50M,
561110,Office Administrative Services,receipts_millions_usd,12.5,$12.50M,
561210,Facilities Support Services,receipts_millions_usd,47.0,$47.00M,See footnote 12
561311,Employment Placement Agencies,receipts_millions_usd,34.0,$34.00M,
561312,Executive Search Services,receipts_millions_usd,34.0,$34.00M,
561320,Temporary Help Services,receipts_millions_usd,34.0,$34.00M,
561330,Professional Employer Organizations,receipts_millions_usd,41.5,$41.50M,
561410,Document Preparation Services,receipts_millions_usd,19.0,$19.00M,
561421,Telephone Answering Services,receipts_millions_usd,19.0,$19.00M,
561422,Telemarketing Bureaus and Other contact Centers,receipts_millions_usd,25.5,$25.50M,
561431,Private Mail Centers,receipts_millions_usd,19.0,$19.00M,
561439,Other Business Service Centers (including Copy Shops),receipts_millions_usd,26.5,$26.50M,
561440,Collection Agencies,receipts_millions_usd,19.5,$19.50M,
561450,Credit Bureaus,receipts_millions_usd,41.0,$41.00M,
561491,Repossession Services,receipts_millions_usd,19.0,$19.00M,
561492,Court Reporting and Stenotype Services,receipts_millions_usd,19.0,$19.00M,
561499,All Other Business Support Services,receipts_millions_usd,21.5,$21.50M,
561510,Travel Agencies,receipts_millions_usd,25.0,$25.00M,See footnote 10
561520,Tour Operators,receipts_millions_usd,25.0,$25.00M,See footnote 10
561591,Convention and Visitors Bureaus,receipts_millions_usd,25.0,$25.00M,
561599,All Other Travel Arrangement and Reservation Services,receipts_millions_usd,32.5,$32.50M,
561611,Investigation and Personal Background Check Services,receipts_millions_usd,25.0,$25.00M,
561612,Security Guards and Patrol Services,receipts_millions_usd,29.0,$29.00M,
561613,Armored Car Services,receipts_millions_usd,43.0,$43.00M,
561621,Security Systems Services (except Locksmiths),receipts_millions_usd,25.0,$25.00M,
561622,Locksmiths,receipts_millions_usd,25.0,$25.00M,
561710,Exterminating and Pest Control Services,receipts_millions_usd,17.5,$17.50M,
561720,Janitorial Services,receipts_millions_usd,22.0,$22.00M,
561730,Landscaping Services,receipts_millions_usd,9.5,$9.50M,
561740,Carpet and Upholstery Cleaning Services,receipts_millions_usd,8.5,$8.50M,
561790,Other Services to Buildings and Dwellings,receipts_millions_usd,9.0,$9.00M,
561910,Packaging and Labeling Services,receipts_millions_usd,19.5,$19.50M,
561920,Convention and Trade Show Organizers,receipts_millions_usd,20.0,$20.00M,See footnote 10
561990,All Other Support Services,receipts_millions_usd,16.5,$16.50M,
562111,Solid Waste Collection,receipts_millions_usd,47.0,$47.00M,
562112,Hazardous Waste Collection,receipts_millions_usd,47.0,$47.00M,
562119,Other Waste Collection,receipts_millions_usd,47.0,$47.00M,
562211,Hazardous Waste Treatment and Disposal,receipts_millions_usd,47.0,$47.00M,
562212,Solid Waste Landfill,receipts_millions_usd,47.0,$47.00M,
562213,Solid Waste Combustors and Incinerators,receipts_millions_usd,47.0,$47.00M,
562219,Other Nonhazardous Waste Treatment and Disposal,receipts_millions_usd,47.0,$47.00M,
562910,Remediation Services,receipts_millions_usd,25.0,$25.00M,
562920,Materials Recovery Facilities,receipts_millions_usd,25.0,$25.00M,
562991,Septic Tank and Related Services,receipts_millions_usd,9.0,$9.00M,
562998,All Other Miscellaneous Waste Management Services,receipts_millions_usd,16.5,$16.50M,
611110,Elementary and Secondary Schools,receipts_millions_usd,20.0,$20.00M,
611210,Junior Colleges,receipts_millions_usd,32.5,$32.50M,
611310,"Colleges, Universities and Professional Schools",receipts_millions_usd,34.5,$34.50M,
611410,Business and Secretarial Schools,receipts_millions_usd,20.5,$20.50M,
611420,Computer Training,receipts_millions_usd,16.0,$16.00M,
611430,Professional and Management Development Training,receipts_millions_usd,15.0,$15.00M,
611511,Cosmetology and Barber Schools,receipts_millions_usd,13.0,$13.00M,
611512,Flight Training,receipts_millions_usd,34.0,$34.00M,
611513,Apprenticeship Training,receipts_millions_usd,11.5,$11.50M,
611519,Other Technical and Trade Schools,receipts_millions_usd,21.0,$21.00M,
611610,Fine Arts Schools,receipts_millions_usd,9.0,$9.00M,
611620,Sports and Recreation Instruction,receipts_millions_usd,9.0,$9.00M,
611630,Language Schools,receipts_millions_usd,20.5,$20.50M,
611691,Exam Preparation and Tutoring,receipts_millions_usd,12.5,$12.50M,
611692,Automobile Driving Schools,receipts_millions_usd,10.0,$10.00M,
611699,All Other Miscellaneous Schools and Instruction,receipts_millions_usd,16.5,$16.50M,
611710,Educational Support Services,receipts_millions_usd,24.0,$24.00M,
621111,Offices of Physicians (except Mental Health Specialists),receipts_millions_usd,16.0,$16.00M,
621112,"Offices of Physicians, Mental Health Specialists",receipts_millions_usd,13.5,$13.50M,
621210,Offices of Dentists,receipts_millions_usd,9.0,$9.00M,
621310,Offices of Chiropractors,receipts_millions_usd,9.0,$9.00M,
621320,Offices of Optometrists,receipts_millions_usd,9.0,$9.00M,
621330,Offices of Mental Health Practitioners (except Physicians),receipts_millions_usd,9.0,$9.00M,
621340,"Offices of Physical, Occupational and Speech Therapists and Audiologists",receipts_millions_usd,12.5,$12.50M,
621391,Offices of Podiatrists,receipts_millions_usd,9.0,$9.00M,
621399,Offices of All Other Miscellaneous Health Practitioners,receipts_millions_usd,10.0,$10.00M,
621410,Family Planning Centers,receipts_millions_usd,19.0,$19.00M,
621420,Outpatient Mental Health and Substance Abuse Centers,receipts_millions_usd,19.0,$19.00M,
621491,HMO Medical Centers,receipts_millions_usd,44.5,$44.50M,
621492,Kidney Dialysis Centers,receipts_millions_usd,47.0,$47.00M,
621493,Freestanding Ambulatory Surgical and Emergency Centers,receipts_millions_usd,19.0,$19.00M,
621498,All Other Outpatient Care Centers,receipts_millions_usd,25.5,$25.50M,
621511,Medical Laboratories,receipts_millions_usd,41.5,$41.50M,
621512,Diagnostic Imaging Centers,receipts_millions_usd,19.0,$19.00M,
621610,Home Health Care Services,receipts_millions_usd,19.0,$19.00M,
621910,Ambulance Services,receipts_millions_usd,22.5,$22.50M,
621991,Blood and Organ Banks,receipts_millions_usd,40.0,$40.00M,
621999,All Other Miscellaneous Ambulatory Health Care Services,receipts_millions_usd,20.5,$20.50M,
622110,General Medical and Surgical Hospitals,receipts_millions_usd,47.0,$47.00M,
622210,Psychiatric and Substance Abuse Hospitals,receipts_millions_usd,47.0,$47.00M,
622310,Specialty (except Psychiatric and Substance Abuse) Hospitals,receipts_millions_usd,47.0,$47.00M,
623110,Nursing Care Facilities (Skilled Nursing Facilities),receipts_millions_usd,34.0,$34.00M,
623210,Residential Intellectual and Developmental Disability Facilities,receipts_millions_usd,19.0,$19.00M,
623220,Residential Mental Health and Substance Abuse Facilities,receipts_millions_usd,19.0,$19.00M,
623311,Continuing Care Retirement Communities,receipts_millions_usd,34.0,$34.00M,
623312,Assisted Living Facilities for the Elderly,receipts_millions_usd,23.5,$23.50M,
623990,Other Residential Care Facilities,receipts_millions_usd,16.0,$16.00M,
624110,Child and Youth Services,receipts_millions_usd,15.5,$15.50M,
624120,Services for the Elderly and Persons with Disabilities,receipts_millions_usd,15.0,$15.00M,
624190,Other Individual and Family Services,receipts_millions_usd,16.0,$16.00M,
624210,Community Food Services,receipts_millions_usd,19.5,$19.50M,
624221,Temporary Shelters,receipts_millions_usd,13.5,$13.50M,
624229,Other Community Housing Services,receipts_millions_usd,19.0,$19.00M,
624230,Emergency and Other Relief Services,receipts_millions_usd,41.5,$41.50M,
624310,Vocational Rehabilitation Services,receipts_millions_usd,15.0,$15.00M,
624410,Child Care Services,receipts_millions_usd,9.5,$9.50M,
711110,Theater Companies and Dinner Theaters,receipts_millions_usd,25.0,$25.00M,
711120,Dance Companies,receipts_millions_usd,18.0,$18.00M,
711130,Musical Groups and Artists,receipts_millions_usd,15.0,$15.00M,
711190,Other Performing Arts Companies,receipts_millions_usd,34.0,$34.00M,
711211,Sports Teams and Clubs,receipts_millions_usd,47.0,$47.00M,
711212,Race Tracks,receipts_millions_usd,47.0,$47.00M,
711219,Other Spectator Sports,receipts_millions_usd,16.5,$16.50M,
711310,"Promoters of Performing Arts, Sports and Similar Events with Facilities",receipts_millions_usd,40.0,$40.00M,
711320,"Promoters of Performing Arts, Sports and Similar Events without Facilities",receipts_millions_usd,22.0,$22.00M,
711410,"Agents and Managers for Artists, Athletes, Entertainers and Other Public Figures",receipts_millions_usd,17.5,$17.50M,
711510,"Independent Artists, Writers, and Performers",receipts_millions_usd,9.0,$9.00M,
712110,Museums,receipts_millions_usd,34.0,$34.00M,
712120,Historical Sites,receipts_millions_usd,13.0,$13.00M,
712130,Zoos and Botanical Gardens,receipts_millions_usd,34.0,$34.00M,
712190,Nature Parks and Other Similar Institutions,receipts_millions_usd,19.5,$19.50M,
713110,Amusement and Theme Parks,receipts_millions_usd,47.0,$47.00M,
713120,Amusement Arcades,receipts_millions_usd,9.0,$9.00M,
713210,Casinos (except Casino Hotels),receipts_millions_usd,34.0,$34.00M,
713290,Other Gambling Industries,receipts_millions_usd,40.0,$40.00M,
713910,Golf Courses and Country Clubs,receipts_millions_usd,19.0,$19.00M,
713920,Skiing Facilities,receipts_millions_usd,35.0,$35.00M,
713930,Marinas,receipts_millions_usd,11.0,$11.00M,
713940,Fitness and Recreational Sports Centers,receipts_millions_usd,17.5,$17.50M,
713950,Bowling Centers,receipts_millions_usd,12.5,$12.50M,
713990,All Other Amusement and Recreation Industries,receipts_millions_usd,9.0,$9.00M,
721110,Hotels (except Casino Hotels) and Motels,receipts_millions_usd,40.0,$40.00M,
721120,Casino Hotels,receipts_millions_usd,40.0,$40.00M,
721191,Bed‑and‑Breakfast Inns,receipts_millions_usd,9.0,$9.00M,
721199,All Other Traveler Accommodation,receipts_millions_usd,9.0,$9.00M,
721211,RV (Recreational Vehicle) Parks and Campgrounds,receipts_millions_usd,10.0,$10.00M,
721214,Recreational and Vacation Camps (except Campgrounds),receipts_millions_usd,9.0,$9.00M,
721310,"Rooming and Boarding Houses, Dormitories, and Workers’ Camps",receipts_millions_usd,14.0,$14.00M,
722310,Food Service Contractors,receipts_millions_usd,47.0,$47.00M,
722320,Caterers,receipts_millions_usd,9.0,$9.00M,
722330,Mobile Food Services,receipts_millions_usd,9.0,$9.00M,
722410,Drinking Places (Alcoholic Beverages),receipts_millions_usd,9.0,$9.00M,
722511,Full-Service Restaurants,receipts_millions_usd,11.5,$11.50M,
722513,Limited-Service Restaurants,receipts_millions_usd,13.5,$13.50M,
722514,"Cafeterias, Grill Buffets, and Buffets",receipts_millions_usd,34.0,$34.00M,
722515,Snack and Nonalcoholic Beverage Bars,receipts_millions_usd,22.5,$22.50M,
811111,General Automotive Repair,receipts_millions_usd,9.0,$9.00M,
811114,Specialized Automotive Repair,receipts_millions_usd,9.0,$9.00M,
811121,"Automotive Body, Paint and Interior Repair and Maintenance",receipts_millions_usd,9.0,$9.00M,
811122,Automotive Glass Replacement Shops,receipts_millions_usd,17.5,$17.50M,
811191,Automotive Oil Change and Lubrication Shops,receipts_millions_usd,11.0,$11.00M,
811192,Car Washes,receipts_millions_usd,9.0,$9.00M,
811198,All Other Automotive Repair and Maintenance,receipts_millions_usd,10.0,$10.00M,
811210,Electronic and Precision Equipment Repair and Maintenance,receipts_millions_usd,34.0,$34.00M,
811310,Commercial and Industrial Machinery and Equipment (except Automotive and Electronic) Repair and Maintenance,receipts_millions_usd,12.5,$12.50M,
811411,Home and Garden Equipment Repair and Maintenance,receipts_millions_usd,9.0,$9.00M,
811412,Appliance Repair and Maintenance,receipts_millions_usd,19.0,$19.00M,
811420,Reupholstery and Furniture Repair,receipts_millions_usd,9.0,$9.00M,
811430,Footwear and Leather Goods Repair,receipts_millions_usd,9.0,$9.00M,
811490,Other Personal and Household Goods Repair and Maintenance,receipts_millions_usd,9.0,$9.00M,
812111,Barber Shops,receipts_millions_usd,9.5,$9.50M,
812112,Beauty Salons,receipts_millions_usd,9.5,$9.50M,
812113,Nail Salons,receipts_millions_usd,9.0,$9.00M,
812191,Diet and Weight Reducing Centers,receipts_millions_usd,27.5,$27.50M,
812199,Other Personal Care Services,receipts_millions_usd,9.0,$9.00M,
812210,Funeral Homes and Funeral Services,receipts_millions_usd,12.5,$12.50M,
812220,Cemeteries and Crematories,receipts_millions_usd,25.0,$25.00M,
812310,Coin‑Operated Laundries and Drycleaners,receipts_millions_usd,13.0,$13.00M,
812320,Drycleaning and Laundry Services (except Coin‑Operated),receipts_millions_usd,8.0,$8.00M,
812331,Linen Supply,receipts_millions_usd,40.0,$40.00M,
812332,Industrial Launderers,receipts_millions_usd,47.0,$47.00M,
812910,Pet Care (except Veterinary) Services,receipts_millions_usd,9.0,$9.00M,
812921,Photofinishing Laboratories (except One‑Hour),receipts_millions_usd,29.5,$29.50M,
812922,One‑Hour Photofinishing,receipts_millions_usd,19.0,$19.00M,
812930,Parking Lots and Garages,receipts_millions_usd,47.0,$47.00M,
812990,All Other Personal Services,receipts_millions_usd,15.0,$15.00M,
813110,Religious Organizations,receipts_millions_usd,13.0,$13.00M,
813211,Grantmaking Foundations,receipts_millions_usd,40.0,$40.00M,
813212,Voluntary Health Organizations,receipts_millions_usd,34.0,$34.00M,
813219,Other Grantmaking and Giving Services,receipts_millions_usd,47.0,$47.00M,
813311,Human Rights Organizations,receipts_millions_usd,34.0,$34.00M,
813312,"Environment, Conservation and Wildlife Organizations",receipts_millions_usd,19.5,$19.50M,
813319,Other Social Advocacy Organizations,receipts_millions_usd,18.0,$18.00M,
813410,Civic and Social Organizations,receipts_millions_usd,9.5,$9.50M,
813910,Business Associations,receipts_millions_usd,15.5,$15.50M,
813920,Professional Organizations,receipts_millions_usd,23.5,$23.50M,
813930,Labor Unions and Similar Labor Organizations,receipts_millions_usd,16.5,$16.50M,
813940,Political Organizations,receipts_millions_usd,14.0,$14.00M,
813990,"Other Similar Organizations (except Business, Professional, Labor, and Political Organizations)",receipts_millions_usd,13.5,$13.50M,
